Symbol,Trades,Accuracy,Annual_Return,Avg_Holding_Days,Category
20MICRONS,5,60.0,0.22588836705400328,191.8,Follows SuperTrend
3IINFOLTD,7,14.285714285714285,,167.57142857142858,Moderate
AAATECH,20,45.0,0.4194856409571863,51.9,Moderate
AARTIDRUGS,6,16.666666666666664,-0.04721838241138809,179.83333333333334,Does NOT Follow
AARTISURF,5,0.0,,283.0,Moderate
ABAN,5,20.0,-0.5741125895226754,126.6,Does NOT Follow
ABBOTINDIA,5,60.0,0.022380628514983236,257.0,Moderate
ABCOTS,24,37.5,0.6626463421137669,39.5,Moderate
ABFRL,8,25.0,-0.03328144997121851,66.625,Does NOT Follow
ABINFRA,26,42.30769230769231,0.9308603687887809,28.5,Moderate
ABREL,5,40.0,0.4297558100008878,117.8,Moderate
ABSLAMC,5,60.0,0.10217436585054385,139.6,Moderate
ACC,8,25.0,-0.38488722686112387,63.625,Does NOT Follow
ACCELYA,5,60.0,0.1292087261054624,139.2,Moderate
ACCURACY,5,40.0,,150.4,Moderate
ACE,6,16.666666666666664,0.5554733459432248,161.5,Moderate
ACL,11,45.45454545454545,0.33188510720479325,94.9090909090909,Follows SuperTrend
ADANIENSOL,5,20.0,-0.6629569903139612,93.8,Does NOT Follow
ADANIENT,7,42.857142857142854,0.42831003596942296,63.0,Moderate
ADANIGREEN,7,14.285714285714285,-0.21169645340783738,120.57142857142857,Does NOT Follow
ADANIPORTS,7,42.857142857142854,0.15134165153514,115.71428571428571,Moderate
ADANIPOWER,5,80.0,0.707414147616563,129.8,Follows SuperTrend
ADSL,5,20.0,-0.11321450547878342,161.4,Does NOT Follow
AFSL,5,60.0,0.08427264128922518,99.0,Moderate
AGARIND,5,60.0,0.19204106665992682,156.2,Follows SuperTrend
AGSTRA,5,60.0,0.00014102507205659975,165.4,Moderate
ALEMBICLTD,7,57.14285714285714,-0.1413861356204562,140.85714285714286,Does NOT Follow
ALKEM,5,60.0,0.11403075673281293,228.8,Moderate
ALLCARGO,6,0.0,,117.0,Moderate
ALOKINDS,6,16.666666666666664,-0.34465237814668825,183.5,Does NOT Follow
ALPA,6,33.33333333333333,-0.14782941356608092,231.83333333333334,Does NOT Follow
AMBUJACEM,6,50.0,0.22146610775445996,74.83333333333333,Follows SuperTrend
ANANTRAJ,5,80.0,0.35975357589517043,143.6,Follows SuperTrend
ANGELONE,7,57.14285714285714,0.7159771545645333,131.57142857142858,Follows SuperTrend
ANKITMETAL,6,66.66666666666666,0.43198891560415165,152.5,Follows SuperTrend
ANMOL,6,33.33333333333333,0.03600797740206829,152.33333333333334,Moderate
ANSALAPI,6,66.66666666666666,0.9856464915714294,48.0,Follows SuperTrend
ANUP,6,66.66666666666666,0.5299832206462294,152.83333333333334,Follows SuperTrend
ANURAS,5,40.0,0.17060965880839296,133.4,Moderate
APCL,5,40.0,-0.03283401562928934,153.6,Does NOT Follow
APEX,6,33.33333333333333,-0.018696620939977038,209.0,Does NOT Follow
APOLLOTYRE,6,66.66666666666666,0.1629745785917429,92.33333333333333,Follows SuperTrend
APTECHT,5,20.0,-0.34344011423499954,189.4,Does NOT Follow
ARIES,5,40.0,-0.2521666547603785,110.4,Does NOT Follow
ARSHIYA,5,40.0,0.3038143459973788,89.6,Moderate
ARVIND,5,80.0,0.24174151898167962,218.4,Follows SuperTrend
ASHOKA,6,66.66666666666666,0.01587273733146044,125.66666666666667,Moderate
ASHOKLEY,5,40.0,-0.09531887772956216,187.4,Does NOT Follow
ASIANPAINT,5,80.0,0.1481171963925907,81.8,Moderate
ASIANTILES,5,20.0,-0.2767179971491278,167.2,Does NOT Follow
ASTRAZEN,5,60.0,0.17156175964464682,262.0,Follows SuperTrend
ASTRON,5,20.0,,286.4,Moderate
ATALREAL,7,28.57142857142857,1.953490532836771,63.285714285714285,Moderate
ATGL,9,33.33333333333333,0.13858593626032167,126.22222222222223,Moderate
ATLASCYCLE,5,100.0,1.0232022279459971,59.0,Follows SuperTrend
ATUL,5,40.0,0.0918434161748991,153.6,Moderate
AVG,21,42.857142857142854,0.39293983242250574,61.38095238095238,Moderate
AVROIND,7,57.14285714285714,0.9016193721090808,139.0,Follows SuperTrend
AXISBANK,5,60.0,0.0272998909367157,179.4,Moderate
AXITA,6,33.33333333333333,-0.04996728894914304,43.833333333333336,Does NOT Follow
BAFNAPH,5,60.0,0.14017345579699425,296.0,Moderate
BAJAJFINSV,6,66.66666666666666,0.1974856013554096,192.16666666666666,Follows SuperTrend
BAJAJHIND,6,50.0,0.08111065386121363,160.33333333333334,Moderate
BAJFINANCE,7,57.14285714285714,0.17637431957439387,153.14285714285714,Follows SuperTrend
BALAMINES,6,16.666666666666664,-0.4216513493487857,181.16666666666666,Does NOT Follow
BALKRISIND,6,66.66666666666666,0.10417580201208243,126.5,Moderate
BALMLAWRIE,6,50.0,0.1422464699795849,136.16666666666666,Moderate
BALRAMCHIN,5,0.0,-0.37076497379825246,138.2,Does NOT Follow
BANARISUG,5,40.0,-0.042150968633773434,143.4,Does NOT Follow
BANCOINDIA,11,45.45454545454545,0.1843759843107251,108.18181818181819,Follows SuperTrend
BANDHANBNK,5,0.0,-0.4476098535073707,132.4,Does NOT Follow
BANKBARODA,5,40.0,0.4015300392707848,161.6,Moderate
BANKINDIA,6,66.66666666666666,0.35603580824173253,115.5,Follows SuperTrend
BATAINDIA,5,0.0,-0.24351045419832962,235.8,Does NOT Follow
BAYERCROP,5,40.0,-0.14432712125561686,105.2,Does NOT Follow
BBL,6,16.666666666666664,-0.0003621520310980175,107.66666666666667,Does NOT Follow
BBTC,6,50.0,0.005952246350310997,245.83333333333334,Moderate
BBTCL,13,38.46153846153847,0.17602624555883173,95.3076923076923,Moderate
BCG,6,33.33333333333333,-0.6086915588724611,119.0,Does NOT Follow
BCLIND,5,20.0,-0.040605233214862535,187.2,Does NOT Follow
BCONCEPTS,6,83.33333333333334,0.9722919450635752,215.83333333333334,Follows SuperTrend
BDL,7,57.14285714285714,0.10526896322576196,144.28571428571428,Moderate
BECTORFOOD,5,40.0,0.5233393393878061,173.6,Moderate
BEL,6,50.0,0.43545262246094296,104.33333333333333,Follows SuperTrend
BEML,8,50.0,0.24369877297331777,101.75,Follows SuperTrend
BEPL,6,33.33333333333333,-0.12197050023584899,118.0,Does NOT Follow
BGRENERGY,5,80.0,0.729737453593778,204.8,Follows SuperTrend
BHARATRAS,6,33.33333333333333,-0.4515752265745394,229.83333333333334,Does NOT Follow
BHEL,8,75.0,0.505005592058881,94.75,Follows SuperTrend
BIOCON,8,0.0,-0.46721029659666424,110.375,Does NOT Follow
BLISSGVS,6,16.666666666666664,-0.14269734193598405,244.0,Does NOT Follow
BLS,5,20.0,-0.015068562018354936,176.4,Does NOT Follow
BLUECHIP,13,30.76923076923077,2.0899630214249956,69.15384615384616,Moderate
BLUECOAST,17,58.82352941176471,1.3828777805229349,40.705882352941174,Follows SuperTrend
BOMDYEING,7,42.857142857142854,0.10667137493037537,124.85714285714286,Moderate
BORORENEW,5,40.0,0.12608310073989992,310.0,Moderate
BOSCHLTD,6,66.66666666666666,0.2331073996826991,211.5,Follows SuperTrend
BTML,21,28.57142857142857,0.28898469553316297,64.52380952380952,Moderate
BUTTERFLY,5,20.0,-0.2837850984418787,164.6,Does NOT Follow
CAMLINFINE,5,60.0,0.05441558925478329,200.8,Moderate
CAMS,5,20.0,-0.00201560498622555,246.4,Does NOT Follow
CANBK,7,57.14285714285714,0.3822619765961286,88.71428571428571,Follows SuperTrend
CANFINHOME,5,60.0,0.10365962462871958,202.0,Moderate
CARTRADE,7,42.857142857142854,0.18017937566596753,132.28571428571428,Moderate
CCCL,6,66.66666666666666,6.257450168506306,57.5,Follows SuperTrend
CENTRALBK,8,37.5,0.13360320624540134,111.875,Moderate
CENTRUM,5,20.0,-0.17851602990157134,309.4,Does NOT Follow
CGCL,6,50.0,-0.28623048557260755,266.5,Does NOT Follow
CHENNPETRO,8,62.5,0.7404127386154276,105.875,Follows SuperTrend
CIGNITITEC,5,80.0,0.23678301078666042,198.2,Follows SuperTrend
CLEAN,5,20.0,-0.3451395011513021,246.4,Does NOT Follow
COCHINSHIP,6,83.33333333333334,0.5434039988121373,179.0,Follows SuperTrend
COFFEEDAY,5,20.0,-0.08635088949599212,203.6,Does NOT Follow
COFORGE,5,80.0,0.2895916809052359,154.0,Follows SuperTrend
COLPAL,6,16.666666666666664,0.07010775843427575,139.16666666666666,Moderate
COMPINFO,7,42.857142857142854,-0.20892966340318553,75.14285714285714,Does NOT Follow
COMPUSOFT,7,42.857142857142854,0.2523913218434204,113.0,Moderate
CONCOR,5,40.0,-0.11586482961062317,118.0,Does NOT Follow
CONFIPET,5,20.0,-0.2796202391409224,143.2,Does NOT Follow
COSMOFIRST,6,0.0,,221.5,Moderate
CREATIVEYE,20,35.0,-0.14651091996344745,31.75,Does NOT Follow
CYBERTECH,5,40.0,,189.0,Moderate
DALMIASUG,6,16.666666666666664,-0.5032311956223005,155.5,Does NOT Follow
DATAMATICS,6,33.33333333333333,0.1177610324582592,126.0,Moderate
DATAPATTNS,6,66.66666666666666,0.31025973715022204,168.83333333333334,Follows SuperTrend
DBL,5,40.0,-0.18000540359311057,167.6,Does NOT Follow
DBREALTY,5,60.0,0.6501669673105583,212.0,Follows SuperTrend
DCAL,7,42.857142857142854,-0.036487527899190186,157.57142857142858,Does NOT Follow
DCBBANK,6,16.666666666666664,-0.17841107874095663,85.0,Does NOT Follow
DCI,16,62.5,0.9460273149564051,67.625,Follows SuperTrend
DCMFINSERV,10,50.0,0.5524372892297245,86.9,Follows SuperTrend
DCMNVL,5,20.0,-0.12418063321491257,122.8,Does NOT Follow
DEEPAKFERT,5,20.0,0.4124789672262712,115.2,Moderate
DEEPAKNTR,7,57.14285714285714,0.08534875515791085,78.28571428571429,Moderate
DELTACORP,8,0.0,,119.5,Moderate
DEVIT,10,40.0,0.3065300401020197,137.7,Moderate
DHANBANK,5,20.0,0.16702851172134725,237.8,Moderate
DIACABS,6,50.0,2.7426433824887244,154.83333333333334,Follows SuperTrend
DISHTV,6,33.33333333333333,-0.615308725495719,137.16666666666666,Does NOT Follow
DIVISLAB,5,40.0,0.17678852921503596,138.8,Moderate
DIXON,7,57.14285714285714,0.36984892177972983,104.28571428571429,Follows SuperTrend
DLF,7,14.285714285714285,-0.05680023739733375,92.0,Does NOT Follow
DOLLAR,5,40.0,0.07490797516900383,175.8,Moderate
DRCSYSTEMS,10,30.0,0.33668685597291836,34.6,Moderate
DREAMFOLKS,6,16.666666666666664,-0.43457578707053457,115.16666666666667,Does NOT Follow
DRREDDY,6,50.0,0.023113711809154003,169.83333333333334,Moderate
DUCON,5,40.0,-0.17739737799143984,111.0,Does NOT Follow
DWARKESH,5,40.0,-0.18146611068075935,102.6,Does NOT Follow
EIHAHOTELS,5,40.0,0.09577557214589993,170.2,Moderate
EKC,7,42.857142857142854,0.0991711017111272,110.14285714285714,Moderate
EMAMIREAL,7,57.14285714285714,-0.008542020830650254,192.14285714285714,Does NOT Follow
EMKAY,6,83.33333333333334,0.29203743391254267,193.5,Follows SuperTrend
ENGINERSIN,6,50.0,0.24820761450480489,190.33333333333334,Follows SuperTrend
EQUIPPP,6,66.66666666666666,21.88698751957007,82.16666666666667,Follows SuperTrend
ESSENTIA,11,45.45454545454545,0.3902651353320805,134.63636363636363,Follows SuperTrend
ESTER,6,16.666666666666664,-0.20960919245363296,200.0,Does NOT Follow
EUROBOND,9,22.22222222222222,-0.06268118198084394,81.55555555555556,Does NOT Follow
EUROTEXIND,15,60.0,0.5613932961570909,70.73333333333333,Follows SuperTrend
EVEREADY,6,0.0,-0.35956854920656756,238.5,Does NOT Follow
EXCEL,7,85.71428571428571,0.3381808731865852,200.0,Follows SuperTrend
EXIDEIND,6,50.0,0.11930089710902281,102.5,Moderate
FAIRCHEMOR,6,16.666666666666664,-0.5155024136034749,137.0,Does NOT Follow
FCSSOFT,6,16.666666666666664,,239.5,Moderate
FEDERALBNK,12,50.0,0.066908245842493,59.916666666666664,Moderate
FEL,11,45.45454545454545,,53.36363636363637,Moderate
FILATEX,6,50.0,-0.019730091090543578,222.0,Does NOT Follow
FINCABLES,5,40.0,0.2954975407047886,234.4,Moderate
FINPIPE,6,50.0,-0.03894685600141723,168.5,Does NOT Follow
FLFL,5,20.0,,205.8,Moderate
FLUOROCHEM,6,66.66666666666666,0.4260456006310682,131.0,Follows SuperTrend
FMGOETZE,5,60.0,0.17435715559575127,210.6,Follows SuperTrend
GAEL,5,20.0,-0.2605053684908142,75.4,Does NOT Follow
GAIL,6,33.33333333333333,0.215705026968934,113.16666666666667,Moderate
GAYAHWS,7,100.0,1.1076160478777637,104.85714285714286,Follows SuperTrend
GENSOL,5,20.0,-0.7387966481585153,57.0,Does NOT Follow
GEOJITFSL,7,71.42857142857143,0.1197378666071407,117.28571428571429,Moderate
GICHSGFIN,6,16.666666666666664,-0.035775163660688114,155.33333333333334,Does NOT Follow
GIPCL,6,33.33333333333333,0.035044181594019896,140.5,Moderate
GLAND,5,0.0,,151.8,Moderate
GLENMARK,5,60.0,0.23003235781274878,235.2,Follows SuperTrend
GLFL,15,46.666666666666664,0.43963034525157063,66.86666666666666,Follows SuperTrend
GLOBUSSPR,5,60.0,0.21830893957738406,130.2,Follows SuperTrend
GMRAIRPORT,5,40.0,0.36428689173468687,73.4,Moderate
GNA,6,33.33333333333333,-0.011646065482392665,159.33333333333334,Does NOT Follow
GNFC,5,60.0,0.1335072792082701,141.6,Moderate
GOACARBON,9,22.22222222222222,,159.0,Moderate
GODREJAGRO,5,40.0,-0.040947382769496055,210.4,Does NOT Follow
GODREJPROP,7,42.857142857142854,-0.16921140465717377,84.71428571428571,Does NOT Follow
GOKEX,5,40.0,0.1252941854623677,165.0,Moderate
GOODLUCK,6,66.66666666666666,0.3969811172831501,257.8333333333333,Follows SuperTrend
GRAPHITE,6,33.33333333333333,-0.18566119402752745,111.33333333333333,Does NOT Follow
GREAVESCOT,5,20.0,-0.44492162137969204,117.6,Does NOT Follow
GREENPOWER,5,40.0,0.6528788942020518,227.2,Moderate
GRSE,5,40.0,0.5594106650777868,122.0,Moderate
GSFC,6,33.33333333333333,-0.11978798624048426,115.66666666666667,Does NOT Follow
GTL,5,40.0,-0.030037587658885312,189.8,Does NOT Follow
GUJALKALI,5,40.0,0.20739568201255154,197.6,Moderate
GUJGASLTD,5,20.0,-0.4606103667641157,80.4,Does NOT Follow
HAL,5,60.0,0.6634794173745504,89.0,Follows SuperTrend
HAPPSTMNDS,6,33.33333333333333,-0.3023202264381961,181.0,Does NOT Follow
HATHWAY,6,0.0,-0.4613511432598172,171.66666666666666,Does NOT Follow
HAVELLS,7,57.14285714285714,0.0063332771550703715,104.71428571428571,Moderate
HCLTECH,6,50.0,0.14591842039379377,154.83333333333334,Moderate
HDFCAMC,5,60.0,0.33706208784577685,173.4,Follows SuperTrend
HDFCLIFE,5,20.0,-0.07232558086730356,245.2,Does NOT Follow
HDIL,11,63.63636363636363,0.5983395237696159,60.90909090909091,Follows SuperTrend
HEG,8,50.0,0.05128455618301242,85.625,Moderate
HEMIPROP,9,33.33333333333333,-0.03540851753254537,60.888888888888886,Does NOT Follow
HGINFRA,6,33.33333333333333,0.21818222855739755,204.83333333333334,Moderate
HGS,6,0.0,-0.5640088353440972,176.16666666666666,Does NOT Follow
HINDALCO,6,33.33333333333333,-0.015668315890377094,65.66666666666667,Does NOT Follow
HINDCOPPER,6,50.0,0.5965931554768187,81.83333333333333,Follows SuperTrend
HINDOILEXP,7,14.285714285714285,-0.2163881052469846,109.28571428571429,Does NOT Follow
HINDPETRO,7,85.71428571428571,0.5888939649217251,87.28571428571429,Follows SuperTrend
HINDZINC,5,60.0,0.276514596454813,199.2,Follows SuperTrend
HISARMETAL,5,0.0,-0.24844680896862115,219.6,Does NOT Follow
HLEGLAS,7,28.57142857142857,0.16794004108101546,111.85714285714286,Moderate
HOMEFIRST,7,42.857142857142854,0.09826306779949467,165.14285714285714,Moderate
HPIL,17,52.94117647058824,0.07577144948789472,71.05882352941177,Moderate
HPL,5,60.0,0.481103785833189,203.0,Follows SuperTrend
HUDCO,9,44.44444444444444,0.2910934655091717,128.11111111111111,Moderate
ICDSLTD,5,40.0,1.1809986244345896,49.8,Moderate
ICICIBANK,5,40.0,-0.051486924481018215,143.4,Does NOT Follow
IDBI,8,37.5,0.04825025646814507,171.875,Moderate
IDEA,6,50.0,0.20494496374306692,205.16666666666666,Follows SuperTrend
IDEAFORGE,5,20.0,-0.29766250408066,72.4,Does NOT Follow
IEX,7,42.857142857142854,0.1992782750502493,76.28571428571429,Moderate
IFBIND,7,42.857142857142854,0.016531531671499344,178.57142857142858,Moderate
IFGLEXPOR,5,40.0,0.3109234431466208,109.8,Moderate
IGARASHI,5,40.0,-0.24426110582332405,127.2,Does NOT Follow
IGL,5,60.0,0.020476366852242966,170.4,Moderate
IMPEXFERRO,8,75.0,6.456598203834796,63.0,Follows SuperTrend
INDBANK,5,40.0,0.054491820231513,227.4,Moderate
INDHOTEL,5,60.0,0.27861869823846774,179.4,Follows SuperTrend
INDIACEM,9,33.33333333333333,0.03932620181313107,113.22222222222223,Moderate
INDIAGLYCO,6,33.33333333333333,-0.03655788328247289,135.83333333333334,Does NOT Follow
INDIAMART,7,0.0,-0.32053214321682333,130.28571428571428,Does NOT Follow
INDIANB,8,62.5,0.3559861387261689,161.375,Follows SuperTrend
INDIGO,8,25.0,-0.06472951820433315,86.625,Does NOT Follow
INDIGOPNTS,5,20.0,-0.19839420343633718,159.2,Does NOT Follow
INDUSINDBK,5,40.0,-0.022225456477317884,118.6,Does NOT Follow
INFIBEAM,6,33.33333333333333,0.03821575281748424,177.5,Moderate
INFOMEDIA,6,50.0,0.290733076519071,120.33333333333333,Follows SuperTrend
INFY,6,33.33333333333333,-0.05557696913457855,148.5,Does NOT Follow
INNOVANA,15,53.333333333333336,0.5524493662065217,88.06666666666666,Follows SuperTrend
INTELLECT,6,33.33333333333333,0.0891992767557439,134.0,Moderate
IOB,6,33.33333333333333,-0.012177259960367559,210.5,Does NOT Follow
IOC,7,71.42857142857143,0.2271982069831162,171.57142857142858,Follows SuperTrend
IOLCP,7,28.57142857142857,-0.310696872225955,107.57142857142857,Does NOT Follow
IPCALAB,5,20.0,-0.014210846392129217,201.2,Does NOT Follow
IPL,6,50.0,-0.08288503109288337,189.66666666666666,Does NOT Follow
IRB,5,40.0,0.033796430524021925,96.6,Moderate
IRCON,7,28.57142857142857,0.15491918666811277,181.57142857142858,Moderate
IRCTC,8,50.0,0.432705306098744,88.25,Follows SuperTrend
IRFC,5,40.0,0.5963199782745365,269.6,Moderate
ITC,7,57.14285714285714,0.24564287788836192,136.85714285714286,Follows SuperTrend
ITI,5,40.0,0.5290973224053199,138.8,Moderate
JAICORPLTD,8,25.0,-0.23196791418828566,115.75,Does NOT Follow
JAYAGROGN,5,20.0,-0.2346909438746404,129.0,Does NOT Follow
JAYSREETEA,6,0.0,-0.31135348947745956,167.0,Does NOT Follow
JETFREIGHT,7,71.42857142857143,0.8781054199992744,59.857142857142854,Follows SuperTrend
JINDALPHOT,6,83.33333333333334,0.6912838877450458,241.83333333333334,Follows SuperTrend
JINDALPOLY,5,20.0,-0.02404931569387192,171.6,Does NOT Follow
JINDALSTEL,6,50.0,0.17072310063677176,115.0,Follows SuperTrend
JINDRILL,6,50.0,0.29725256010706436,99.66666666666667,Follows SuperTrend
JISLJALEQS,5,40.0,0.13596808686823114,201.4,Moderate
JKPAPER,7,28.57142857142857,0.17909692677345967,148.14285714285714,Moderate
JMFINANCIL,5,60.0,0.13643700836557504,217.0,Moderate
JSL,5,40.0,0.6877689368745092,196.2,Moderate
JUSTDIAL,5,20.0,-0.21359830174332461,197.4,Does NOT Follow
KABRAEXTRU,5,20.0,-0.28622962913009886,274.2,Does NOT Follow
KAKATCEM,6,0.0,,153.16666666666666,Moderate
KALYANKJIL,5,40.0,0.5411898780909989,261.4,Moderate
KANPRPLA,5,20.0,-0.2286462734236694,154.6,Does NOT Follow
KCPSUGIND,5,40.0,-0.11765838729702427,289.8,Does NOT Follow
KEC,5,0.0,-0.5182020753115568,51.6,Does NOT Follow
KEEPLEARN,9,66.66666666666666,2.1705358116579414,64.33333333333333,Follows SuperTrend
KELLTONTEC,5,20.0,-0.15832881224533069,243.6,Does NOT Follow
KHADIM,6,50.0,0.008288203166896935,204.33333333333334,Moderate
KIRIINDUS,5,80.0,0.11583297340793886,277.0,Moderate
KIRLOSBROS,6,50.0,0.4722384046595185,129.83333333333334,Follows SuperTrend
KITEX,8,25.0,0.1821852815524445,160.625,Moderate
KMSUGAR,5,20.0,0.19438234052862557,227.0,Moderate
KOLTEPATIL,6,16.666666666666664,-0.45003049079710966,127.83333333333333,Does NOT Follow
KOPRAN,5,40.0,-0.07360747429509529,191.0,Does NOT Follow
KOTAKBANK,5,40.0,-0.030197398841187106,149.6,Does NOT Follow
KPIGREEN,5,80.0,0.8901877526822219,146.8,Follows SuperTrend
KPITTECH,6,50.0,-0.04152540306066932,101.33333333333333,Does NOT Follow
KRBL,6,33.33333333333333,0.18843056227215915,192.0,Moderate
KRIDHANINF,6,16.666666666666664,-0.26668310177890864,207.16666666666666,Does NOT Follow
KRISHIVAL,27,37.03703703703704,0.19634531439700353,30.074074074074073,Moderate
KRSNAA,6,50.0,-0.060889424178100615,201.83333333333334,Does NOT Follow
KSOLVES,9,55.55555555555556,0.49823784778903857,154.55555555555554,Follows SuperTrend
KTKBANK,5,40.0,0.48028776486846536,239.0,Moderate
LAKPRE,10,60.0,0.18700372850803015,124.9,Follows SuperTrend
LAURUSLABS,5,60.0,0.2614706449946944,180.0,Follows SuperTrend
LIBERTSHOE,5,40.0,0.03195834526572616,216.0,Moderate
LICHSGFIN,9,22.22222222222222,-0.12586537385017016,65.88888888888889,Does NOT Follow
LICI,5,60.0,0.22980751158599277,76.6,Follows SuperTrend
LIKHITHA,5,40.0,0.014366523910597673,171.8,Moderate
LINCOLN,5,40.0,-0.17713843216122083,146.6,Does NOT Follow
LODHA,5,40.0,0.26381316269512656,134.2,Moderate
LT,7,42.857142857142854,0.131171212265762,91.71428571428571,Moderate
LTIM,7,71.42857142857143,0.1641085052981177,112.0,Follows SuperTrend
LTTS,5,60.0,0.018794512673751873,205.8,Moderate
LUMAXIND,5,80.0,0.4345259888069848,131.8,Follows SuperTrend
LUXIND,5,40.0,-0.19029085688033953,214.0,Does NOT Follow
LXCHEM,7,14.285714285714285,-0.23048322577054448,113.28571428571429,Does NOT Follow
MAHABANK,7,42.857142857142854,0.0014393805875090315,134.0,Moderate
MAITHANALL,5,60.0,0.05383869831725163,139.2,Moderate
MALUPAPER,5,40.0,-0.22936358939497503,151.8,Does NOT Follow
MANALIPETC,6,16.666666666666664,-0.5429354181531112,80.66666666666667,Does NOT Follow
MANAPPURAM,7,28.57142857142857,-0.25641760755896015,100.71428571428571,Does NOT Follow
MANINDS,6,50.0,0.01648533832659349,147.5,Moderate
MARKSANS,5,40.0,0.24883456973068285,179.8,Moderate
MARUTI,5,80.0,0.1349400490721171,244.2,Moderate
MASTEK,5,40.0,0.1844641349238325,198.6,Moderate
MAZDOCK,7,57.14285714285714,0.5788896117948532,155.28571428571428,Follows SuperTrend
MCX,8,62.5,0.485532187219893,89.75,Follows SuperTrend
MEDICAMEQ,5,0.0,,133.6,Moderate
METROPOLIS,6,16.666666666666664,-0.45394397297577094,190.83333333333334,Does NOT Follow
MGL,8,37.5,-0.09468552131168029,98.625,Does NOT Follow
MICEL,9,55.55555555555556,0.3631310203328648,96.22222222222223,Follows SuperTrend
MIDHANI,6,50.0,0.15783500298837128,143.5,Follows SuperTrend
MKPL,15,46.666666666666664,2.199382245275401,48.2,Follows SuperTrend
MMTC,7,14.285714285714285,-0.262117399676317,131.71428571428572,Does NOT Follow
MOIL,7,42.857142857142854,0.32469085121423547,117.71428571428571,Moderate
MONTECARLO,5,60.0,0.08988498241650889,195.4,Moderate
MOTILALOFS,5,40.0,-0.1702140286318694,259.2,Does NOT Follow
MPSLTD,5,40.0,0.2820175822514843,165.8,Moderate
MRF,6,16.666666666666664,0.12034047887741273,111.5,Moderate
MSTCLTD,5,40.0,0.1519315702305195,132.0,Moderate
MTARTECH,7,14.285714285714285,0.0344322095143752,101.57142857142857,Moderate
MUTHOOTCAP,7,14.285714285714285,-0.8712084852597484,75.28571428571429,Does NOT Follow
NAHARPOLY,6,33.33333333333333,0.061315318731707924,263.5,Moderate
NARMADA,11,45.45454545454545,0.22537947504129696,74.54545454545455,Follows SuperTrend
NATCOPHARM,5,40.0,0.07732541273978377,108.2,Moderate
NATIONALUM,10,60.0,0.44542130627011867,80.8,Follows SuperTrend
NAVINFLUOR,6,33.33333333333333,0.009010295084640685,152.5,Moderate
NAVKARCORP,5,40.0,0.08488328907099985,236.8,Moderate
NAZARA,8,37.5,-0.08415707914054371,146.0,Does NOT Follow
NBCC,8,62.5,0.28262362571333033,124.875,Follows SuperTrend
NCLIND,5,20.0,-0.2360648161398219,173.4,Does NOT Follow
NEULANDLAB,6,83.33333333333334,0.676674403955815,145.33333333333334,Follows SuperTrend
NFL,6,50.0,-0.06501798715019591,164.83333333333334,Does NOT Follow
NIACL,9,44.44444444444444,0.018809592639446482,126.66666666666667,Moderate
NIITLTD,8,37.5,-0.13765696679309025,160.75,Does NOT Follow
NOIDATOLL,5,40.0,-0.14497006583066052,219.2,Does NOT Follow
NORBTEAEXP,18,50.0,0.6077294250469538,56.55555555555556,Follows SuperTrend
NPST,16,37.5,1.233311324159875,62.5625,Moderate
NRAIL,6,50.0,-0.022815143721037767,145.33333333333334,Does NOT Follow
NSLNISP,6,16.666666666666664,-0.6586061130939976,75.83333333333333,Does NOT Follow
NUCLEUS,6,33.33333333333333,0.6286664327580924,135.0,Moderate
NURECA,5,0.0,,184.0,Moderate
OAL,6,33.33333333333333,-0.16640401506997105,135.0,Does NOT Follow
OILCOUNTUB,8,62.5,0.3889893860717777,142.5,Follows SuperTrend
OMKARCHEM,7,57.14285714285714,0.01616110622053113,98.14285714285714,Moderate
ONGC,6,33.33333333333333,-0.018894150029635903,125.0,Does NOT Follow
ONMOBILE,5,20.0,-0.29375700627033274,177.2,Does NOT Follow
ORIENTPPR,6,33.33333333333333,-0.13810173744995702,182.5,Does NOT Follow
ORISSAMINE,6,16.666666666666664,0.012104585343096108,226.33333333333334,Moderate
PANACEABIO,5,40.0,0.22087119354683749,162.8,Moderate
PARAGMILK,6,33.33333333333333,0.038190066020082236,178.5,Moderate
PARAS,5,60.0,-0.24347133198340742,127.4,Does NOT Follow
PASHUPATI,25,40.0,0.7337757811965504,41.72,Moderate
PATANJALI,5,60.0,0.0008385262064825039,131.6,Moderate
PAVNAIND,19,52.63157894736842,0.08602392459229846,69.6842105263158,Moderate
PAYTM,5,60.0,0.7442962039924017,126.6,Follows SuperTrend
PCBL,5,60.0,0.1310495605950759,257.8,Moderate
PENIND,6,66.66666666666666,0.05934608298585964,135.33333333333334,Moderate
PERSISTENT,5,60.0,0.22128528502187517,164.6,Follows SuperTrend
PETRONET,7,57.14285714285714,0.049047279534701005,130.57142857142858,Moderate
PFC,5,60.0,0.6252242964490831,116.6,Follows SuperTrend
PFIZER,5,40.0,-0.09558596743912784,111.2,Does NOT Follow
PFS,8,37.5,-0.06284082318884132,205.875,Does NOT Follow
PGEL,5,40.0,0.3736764660872365,142.4,Moderate
PIDILITIND,6,33.33333333333333,-0.061601536569236615,170.0,Does NOT Follow
PIGL,18,50.0,1.0567698462609258,61.27777777777778,Follows SuperTrend
PIIND,5,20.0,-0.2659922827389186,160.0,Does NOT Follow
PNB,9,44.44444444444444,0.409483497059022,74.77777777777777,Moderate
PNBGILTS,9,22.22222222222222,-0.29836269398963855,115.33333333333333,Does NOT Follow
PNBHOUSING,5,60.0,0.12545061063526575,249.8,Moderate
POLYCAB,5,80.0,0.2652838428541673,215.8,Follows SuperTrend
POLYPLEX,8,37.5,0.00907392620687375,142.875,Moderate
POONAWALLA,5,60.0,0.03561148666795533,221.0,Moderate
PPAP,6,16.666666666666664,-0.3136533572090535,182.66666666666666,Does NOT Follow
PRAKASH,5,20.0,0.2766863219534397,195.4,Moderate
PRAKASHSTL,6,50.0,0.6565985593644257,122.33333333333333,Follows SuperTrend
PRINCEPIPE,5,60.0,0.16874136763811198,114.2,Follows SuperTrend
PRIVISCL,5,60.0,0.4495386880686234,224.2,Follows SuperTrend
PSB,5,20.0,0.053038284428094995,219.4,Moderate
PTC,6,50.0,0.12593504367129427,107.5,Moderate
PUNJABCHEM,6,33.33333333333333,0.04105460789938453,140.83333333333334,Moderate
PURVA,5,20.0,-0.2367249751750079,217.2,Does NOT Follow
RADAAN,10,70.0,1.7643384893090182,37.7,Follows SuperTrend
RAILTEL,6,33.33333333333333,0.24115407050496862,184.33333333333334,Moderate
RAIN,9,33.33333333333333,-0.21486030915393828,101.66666666666667,Does NOT Follow
RAJESHEXPO,5,40.0,-0.32128399426223564,89.8,Does NOT Follow
RAJRATAN,5,40.0,0.21107213214921527,235.8,Moderate
RALLIS,5,80.0,0.19930191904412542,117.0,Follows SuperTrend
RAMCOSYS,7,28.57142857142857,-0.2800304072725982,170.71428571428572,Does NOT Follow
RAYMOND,5,40.0,0.2418164581692901,253.4,Moderate
RBLBANK,7,28.57142857142857,0.17144222216483018,141.14285714285714,Moderate
RCF,7,28.57142857142857,-0.33743085989786925,130.71428571428572,Does NOT Follow
RCOM,12,75.0,0.3292938426459626,43.5,Follows SuperTrend
RECLTD,7,57.14285714285714,0.3664410496050581,125.57142857142857,Follows SuperTrend
REDINGTON,5,40.0,0.022763334740905528,154.4,Moderate
REGENCERAM,12,50.0,4.086457461015204,56.416666666666664,Follows SuperTrend
RELAXO,5,20.0,-0.22423449826062325,150.6,Does NOT Follow
RELIABLE,28,42.857142857142854,0.7117207485994939,25.964285714285715,Moderate
RELIANCE,9,44.44444444444444,-0.014594389066399982,107.0,Does NOT Follow
RESPONIND,5,20.0,-0.18913649981507308,272.0,Does NOT Follow
RHFL,6,66.66666666666666,0.31748845997972186,172.0,Follows SuperTrend
RIIL,6,66.66666666666666,0.044522665988524945,136.5,Moderate
RITES,6,33.33333333333333,-0.4867296632004319,103.16666666666667,Does NOT Follow
RKDL,6,66.66666666666666,0.47460864437463957,157.16666666666666,Follows SuperTrend
RKFORGE,5,40.0,0.345165246639517,216.2,Moderate
RMDRIP,20,45.0,0.7735136119862669,55.4,Moderate
RML,9,44.44444444444444,-0.007884363412171469,126.22222222222223,Does NOT Follow
ROHLTD,5,20.0,0.040034407566065244,82.8,Moderate
ROUTE,7,28.57142857142857,-0.30990759725035544,125.14285714285714,Does NOT Follow
RSSOFTWARE,6,50.0,0.7780886473061659,140.66666666666666,Follows SuperTrend
RTNINDIA,7,28.57142857142857,-0.23096626005706022,137.85714285714286,Does NOT Follow
RUPA,5,20.0,-0.419405173798283,87.0,Does NOT Follow
RVNL,5,40.0,0.7153813537231108,234.0,Moderate
S&SPOWER,8,87.5,0.8231920327085109,118.875,Follows SuperTrend
SABEVENTS,13,61.53846153846154,0.8668681677793821,66.0,Follows SuperTrend
SABTNL,17,41.17647058823529,2.91429257029469,47.11764705882353,Moderate
SAIL,8,62.5,-0.21482486312981386,72.875,Does NOT Follow
SAKUMA,5,60.0,0.03572233932563118,156.8,Moderate
SALZERELEC,7,57.14285714285714,0.22286887768540442,170.42857142857142,Follows SuperTrend
SAMMAANCAP,8,50.0,0.007891806771366028,101.625,Moderate
SANDESH,6,33.33333333333333,-0.27860310995630233,134.66666666666666,Does NOT Follow
SANGHIIND,6,66.66666666666666,0.13072462706172905,145.33333333333334,Moderate
SANOFI,6,16.666666666666664,-0.18249951165510614,204.5,Does NOT Follow
SANWARIA,9,66.66666666666666,2.5217935168841152,21.0,Follows SuperTrend
SARVESHWAR,7,57.14285714285714,0.9087841298815786,152.57142857142858,Follows SuperTrend
SASKEN,5,60.0,0.03306557094033136,137.6,Moderate
SATIA,5,20.0,-0.23699144114767334,117.2,Does NOT Follow
SBICARD,6,33.33333333333333,-0.14253448810877922,141.66666666666666,Does NOT Follow
SBIN,7,57.14285714285714,0.10353209772660255,135.71428571428572,Moderate
SCI,7,42.857142857142854,0.2796907661206851,112.28571428571429,Moderate
SELMC,5,80.0,261.87110508174226,68.8,Follows SuperTrend
SETUINFRA,8,87.5,0.7087034993404562,71.5,Follows SuperTrend
SEYAIND,13,53.84615384615385,0.5533323674183466,36.84615384615385,Follows SuperTrend
SHAKTIPUMP,5,20.0,0.78467023178949,291.2,Moderate
SHANKARA,5,40.0,-0.5493640916471991,180.0,Does NOT Follow
SHANTIGEAR,5,40.0,0.16817342385955225,209.8,Moderate
SHARDAMOTR,5,40.0,-0.10926920103924687,193.2,Does NOT Follow
SHREDIGCEM,6,33.33333333333333,0.09044802133071883,185.5,Moderate
SHREEPUSHK,5,60.0,0.0015867421216351207,209.4,Moderate
SHRIRAMFIN,7,42.857142857142854,0.2651710257421245,144.57142857142858,Moderate
SHRIRAMPPS,5,0.0,-0.5207312937035311,177.8,Does NOT Follow
SHYAMMETL,5,60.0,0.28769537195944217,163.0,Follows SuperTrend
SHYAMTEL,7,57.14285714285714,0.38835787044875714,112.0,Follows SuperTrend
SIEMENS,6,50.0,0.3652228096411423,81.33333333333333,Follows SuperTrend
SIGACHI,5,40.0,0.29011540100371747,200.2,Moderate
SIGMA,14,57.14285714285714,0.49110230339271443,92.64285714285714,Follows SuperTrend
SILVERTUC,11,18.181818181818183,0.23950715712084802,118.18181818181819,Moderate
SITINET,5,60.0,-0.01716354648662144,113.2,Does NOT Follow
SIYSIL,6,33.33333333333333,0.0336246951442456,115.66666666666667,Moderate
SJVN,7,42.857142857142854,0.21665026259360554,105.0,Moderate
SMSPHARMA,6,50.0,0.07156663696030585,139.0,Moderate
SNOWMAN,7,42.857142857142854,-0.03550254180117307,130.28571428571428,Does NOT Follow
SOFTTECH,8,62.5,0.4203592469178212,26.75,Follows SuperTrend
SOLARA,7,42.857142857142854,-0.12489371245649938,132.42857142857142,Does NOT Follow
SOLARINDS,5,60.0,0.32354237691861165,224.0,Follows SuperTrend
SOMICONVEY,7,57.14285714285714,0.2373357399381557,136.0,Follows SuperTrend
SONATSOFTW,6,16.666666666666664,0.07608397649183796,192.5,Moderate
SOUTHBANK,6,50.0,0.33231344628812387,180.0,Follows SuperTrend
SPARC,7,28.57142857142857,-0.7894178607833681,165.85714285714286,Does NOT Follow
SPECTRUM,16,56.25,0.7191564998400086,85.3125,Follows SuperTrend
SPORTKING,6,50.0,0.10240320220194032,117.66666666666667,Moderate
SRF,5,60.0,0.13554977634417065,208.4,Moderate
STARCEMENT,5,40.0,0.12350185470519692,204.2,Moderate
STCINDIA,5,20.0,-0.1914277180049596,254.4,Does NOT Follow
STLTECH,7,14.285714285714285,-0.6860533675537475,113.85714285714286,Does NOT Follow
SUBEXLTD,6,33.33333333333333,-0.4432015154677461,67.66666666666667,Does NOT Follow
SUMEETINDS,8,75.0,0.25356705636082166,127.125,Follows SuperTrend
SUNFLAG,8,62.5,0.19882085686151552,103.125,Follows SuperTrend
SUPERHOUSE,6,33.33333333333333,-0.2386224188328755,99.16666666666667,Does NOT Follow
SUPREMEINF,7,100.0,0.3707091261234654,190.57142857142858,Follows SuperTrend
SURAJEST,5,20.0,-0.6932709826737254,80.0,Does NOT Follow
SURYAROSNI,5,40.0,0.18318340604102668,196.2,Moderate
SURYODAY,5,40.0,-0.028734544781143123,214.2,Does NOT Follow
SUVIDHAA,5,40.0,0.14525532533747643,113.0,Moderate
SVPGLOB,5,0.0,,101.6,Moderate
SWARAJENG,6,33.33333333333333,0.13137904624749885,140.16666666666666,Moderate
SWELECTES,7,42.857142857142854,0.224515991045533,179.0,Moderate
TAKE,5,0.0,,217.8,Moderate
TALBROAUTO,5,60.0,0.24599534622111952,157.0,Follows SuperTrend
TARAPUR,13,46.15384615384615,1.0334930667829254,66.76923076923077,Follows SuperTrend
TATACHEM,7,14.285714285714285,-0.4883898942199857,158.71428571428572,Does NOT Follow
TATAELXSI,7,14.285714285714285,-0.15055780700167143,111.14285714285714,Does NOT Follow
TATAPOWER,8,37.5,0.33597846991095937,89.0,Moderate
TATASTEEL,10,60.0,0.059837815350645585,71.3,Moderate
TATVA,7,57.14285714285714,-0.07589046105342179,132.0,Does NOT Follow
TCIFINANCE,21,28.57142857142857,0.6253934101920415,52.57142857142857,Moderate
TCS,8,25.0,-0.00991256937485041,86.625,Does NOT Follow
TECHNOE,5,60.0,0.3487267995536907,187.6,Follows SuperTrend
TECILCHEM,9,55.55555555555556,0.3361023473830378,53.666666666666664,Follows SuperTrend
TIIL,5,40.0,0.02446069591331801,131.0,Moderate
TNPETRO,5,40.0,-0.13750445549899148,112.4,Does NOT Follow
TNPL,6,50.0,0.15466609068626558,152.0,Follows SuperTrend
TORNTPOWER,5,40.0,0.42555406333410417,232.6,Moderate
TRACXN,5,20.0,-0.6390288983892739,126.4,Does NOT Follow
TRF,6,50.0,0.4450776434055346,103.5,Follows SuperTrend
TRIDENT,7,14.285714285714285,-0.6516990960730494,85.28571428571429,Does NOT Follow
TRIVENI,5,20.0,-0.22450230858234843,174.8,Does NOT Follow
TTML,6,33.33333333333333,0.6763804090335193,202.66666666666666,Moderate
TVTODAY,6,0.0,-0.5338094194201138,90.66666666666667,Does NOT Follow
TVVISION,11,36.36363636363637,1.3853230466484154,73.0,Moderate
UCOBANK,6,16.666666666666664,0.3628721682400531,118.83333333333333,Moderate
UFLEX,5,40.0,0.07680201173720658,174.8,Moderate
UJJIVANSFB,7,42.857142857142854,0.44091891430216656,162.14285714285714,Moderate
UNIDT,6,0.0,-0.5850241732970282,140.33333333333334,Does NOT Follow
UPL,7,28.57142857142857,-0.24521171710698275,78.28571428571429,Does NOT Follow
URAVIDEF,12,41.66666666666667,0.4817856238590499,102.58333333333333,Moderate
VADILALIND,5,80.0,0.4925551819565934,212.8,Follows SuperTrend
VAKRANGEE,5,0.0,,288.6,Moderate
VBL,6,66.66666666666666,0.3448491644317613,229.5,Follows SuperTrend
VEDL,9,33.33333333333333,0.20817661886566685,86.11111111111111,Moderate
VENKEYS,8,12.5,-0.00305773986073965,105.5,Does NOT Follow
VENUSPIPES,5,60.0,0.5771007153068075,171.0,Follows SuperTrend
VENUSREM,6,66.66666666666666,0.3953353082497284,67.33333333333333,Follows SuperTrend
VETO,6,0.0,-0.2745325868201114,174.0,Does NOT Follow
VHLTD,7,71.42857142857143,0.9252582268167291,59.714285714285715,Follows SuperTrend
VIKASECO,6,16.666666666666664,,181.83333333333334,Moderate
VIKASLIFE,7,14.285714285714285,-0.24515116265786396,133.28571428571428,Does NOT Follow
VIMTALABS,5,100.0,0.36375401162724597,270.0,Follows SuperTrend
VINNY,11,45.45454545454545,0.31059111118820715,111.54545454545455,Follows SuperTrend
VINYLINDIA,5,20.0,-0.04470936591271313,267.2,Does NOT Follow
VISASTEEL,9,77.77777777777779,0.9421110229228395,59.111111111111114,Follows SuperTrend
VISHWARAJ,5,0.0,-0.41041909284731437,150.0,Does NOT Follow
VIVIMEDLAB,5,0.0,-0.518799754657183,98.6,Does NOT Follow
VOLTAMP,6,33.33333333333333,0.3375114527294494,139.0,Moderate
VOLTAS,9,55.55555555555556,0.07864753082438303,86.33333333333333,Moderate
WEL,13,38.46153846153847,0.7391635792946507,103.0,Moderate
WEWIN,12,66.66666666666666,0.7364296793910774,77.58333333333333,Follows SuperTrend
WIPRO,8,37.5,-0.05621537714329905,100.75,Does NOT Follow
WOCKPHARMA,8,25.0,0.421950064716466,156.25,Moderate
XCHANGING,7,28.57142857142857,-0.22793789092744388,134.14285714285714,Does NOT Follow
YESBANK,10,40.0,-0.015131162630292017,106.4,Does NOT Follow
ZEEL,7,28.57142857142857,-0.3332543027298157,164.28571428571428,Does NOT Follow
ZENITHSTL,6,50.0,0.775304268961382,243.16666666666666,Follows SuperTrend
